{"objects": [

{
	"filename": "basketball.png",
	"frame": {"x":0,"y":0,"w":30,"h":30},
	"rotated": false,
	"trimmed": false,
	"spriteSourceSize": {"x":0,"y":0,"w":30,"h":30},
	"sourceSize": {"w":30,"h":30}
},
{
	"filename": "binocular.png",
	"frame": {"x":30,"y":0,"w":30,"h":30},
	"rotated": false,
	"trimmed": false,
	"spriteSourceSize": {"x":0,"y":0,"w":30,"h":30},
	"sourceSize": {"w":30,"h":30}
},
{
	"filename": "bookmark.png",
	"frame": {"x":60,"y":0,"w":30,"h":30},
	"rotated": false,
	"trimmed": false,
	"spriteSourceSize": {"x":0,"y":0,"w":30,"h":30},
	"sourceSize": {"w":30,"h":30}
},
{
	"filename": "brain.png",
	"frame": {"x":90,"y":0,"w":30,"h":30},
	"rotated": false,
	"trimmed": false,
	"spriteSourceSize": {"x":0,"y":0,"w":30,"h":30},
	"sourceSize": {"w":30,"h":30}
},
{
	"filename": "briefcase.png",
	"frame": {"x":120,"y":0,"w":30,"h":30},
	"rotated": false,
	"trimmed": false,
	"spriteSourceSize": {"x":0,"y":0,"w":30,"h":30},
	"sourceSize": {"w":30,"h":30}
},
{
	"filename": "brightness.png",
	"frame": {"x":150,"y":0,"w":30,"h":30},
	"rotated": false,
	"trimmed": false,
	"spriteSourceSize": {"x":0,"y":0,"w":30,"h":30},
	"sourceSize": {"w":30,"h":30}
},
{
	"filename": "business-tie.png",
	"frame": {"x":180,"y":0,"w":30,"h":30},
	"rotated": false,
	"trimmed": false,
	"spriteSourceSize": {"x":0,"y":0,"w":30,"h":30},
	"sourceSize": {"w":30,"h":30}
},
{
	"filename": "cloud.png",
	"frame": {"x":0,"y":30,"w":30,"h":30},
	"rotated": false,
	"trimmed": false,
	"spriteSourceSize": {"x":0,"y":0,"w":30,"h":30},
	"sourceSize": {"w":30,"h":30}
},
{
	"filename": "comb.png",
	"frame": {"x":30,"y":30,"w":30,"h":30},
	"rotated": false,
	"trimmed": false,
	"spriteSourceSize": {"x":0,"y":0,"w":30,"h":30},
	"sourceSize": {"w":30,"h":30}
},
{
	"filename": "crown.png",
	"frame": {"x":60,"y":30,"w":30,"h":30},
	"rotated": false,
	"trimmed": false,
	"spriteSourceSize": {"x":0,"y":0,"w":30,"h":30},
	"sourceSize": {"w":30,"h":30}
},
{
	"filename": "desk-lamp.png",
	"frame": {"x":90,"y":30,"w":30,"h":30},
	"rotated": false,
	"trimmed": false,
	"spriteSourceSize": {"x":0,"y":0,"w":30,"h":30},
	"sourceSize": {"w":30,"h":30}
},
{
	"filename": "desk.png",
	"frame": {"x":120,"y":30,"w":30,"h":30},
	"rotated": false,
	"trimmed": false,
	"spriteSourceSize": {"x":0,"y":0,"w":30,"h":30},
	"sourceSize": {"w":30,"h":30}
},
{
	"filename": "drama.png",
	"frame": {"x":150,"y":30,"w":30,"h":30},
	"rotated": false,
	"trimmed": false,
	"spriteSourceSize": {"x":0,"y":0,"w":30,"h":30},
	"sourceSize": {"w":30,"h":30}
},
{
	"filename": "drawer.png",
	"frame": {"x":180,"y":30,"w":30,"h":30},
	"rotated": false,
	"trimmed": false,
	"spriteSourceSize": {"x":0,"y":0,"w":30,"h":30},
	"sourceSize": {"w":30,"h":30}
},
{
	"filename": "dress-hanger.png",
	"frame": {"x":0,"y":60,"w":30,"h":30},
	"rotated": false,
	"trimmed": false,
	"spriteSourceSize": {"x":0,"y":0,"w":30,"h":30},
	"sourceSize": {"w":30,"h":30}
},
{
	"filename": "earth-usa.png",
	"frame": {"x":30,"y":60,"w":30,"h":30},
	"rotated": false,
	"trimmed": false,
	"spriteSourceSize": {"x":0,"y":0,"w":30,"h":30},
	"sourceSize": {"w":30,"h":30}
},
{
	"filename": "email.png",
	"frame": {"x":60,"y":60,"w":30,"h":30},
	"rotated": false,
	"trimmed": false,
	"spriteSourceSize": {"x":0,"y":0,"w":30,"h":30},
	"sourceSize": {"w":30,"h":30}
},
{
	"filename": "flower-pot.png",
	"frame": {"x":90,"y":60,"w":30,"h":30},
	"rotated": false,
	"trimmed": false,
	"spriteSourceSize": {"x":0,"y":0,"w":30,"h":30},
	"sourceSize": {"w":30,"h":30}
},
{
	"filename": "flower.png",
	"frame": {"x":120,"y":60,"w":30,"h":30},
	"rotated": false,
	"trimmed": false,
	"spriteSourceSize": {"x":0,"y":0,"w":30,"h":30},
	"sourceSize": {"w":30,"h":30}
},
{
	"filename": "guitar.png",
	"frame": {"x":150,"y":60,"w":30,"h":30},
	"rotated": false,
	"trimmed": false,
	"spriteSourceSize": {"x":0,"y":0,"w":30,"h":30},
	"sourceSize": {"w":30,"h":30}
},
{
	"filename": "key.png",
	"frame": {"x":180,"y":60,"w":30,"h":30},
	"rotated": false,
	"trimmed": false,
	"spriteSourceSize": {"x":0,"y":0,"w":30,"h":30},
	"sourceSize": {"w":30,"h":30}
},
{
	"filename": "link.png",
	"frame": {"x":0,"y":90,"w":30,"h":30},
	"rotated": false,
	"trimmed": false,
	"spriteSourceSize": {"x":0,"y":0,"w":30,"h":30},
	"sourceSize": {"w":30,"h":30}
},
{
	"filename": "man.png",
	"frame": {"x":30,"y":90,"w":30,"h":30},
	"rotated": false,
	"trimmed": false,
	"spriteSourceSize": {"x":0,"y":0,"w":30,"h":30},
	"sourceSize": {"w":30,"h":30}
},
{
	"filename": "medical-sign.png",
	"frame": {"x":60,"y":90,"w":29,"h":30},
	"rotated": false,
	"trimmed": false,
	"spriteSourceSize": {"x":0,"y":0,"w":29,"h":30},
	"sourceSize": {"w":29,"h":30}
},
{
	"filename": "moon.png",
	"frame": {"x":89,"y":90,"w":30,"h":30},
	"rotated": false,
	"trimmed": false,
	"spriteSourceSize": {"x":0,"y":0,"w":30,"h":30},
	"sourceSize": {"w":30,"h":30}
},
{
	"filename": "paper-clip.png",
	"frame": {"x":119,"y":90,"w":30,"h":30},
	"rotated": false,
	"trimmed": false,
	"spriteSourceSize": {"x":0,"y":0,"w":30,"h":30},
	"sourceSize": {"w":30,"h":30}
},
{
	"filename": "pen.png",
	"frame": {"x":149,"y":90,"w":30,"h":30},
	"rotated": false,
	"trimmed": false,
	"spriteSourceSize": {"x":0,"y":0,"w":30,"h":30},
	"sourceSize": {"w":30,"h":30}
},
{
	"filename": "pencil.png",
	"frame": {"x":179,"y":90,"w":30,"h":30},
	"rotated": false,
	"trimmed": false,
	"spriteSourceSize": {"x":0,"y":0,"w":30,"h":30},
	"sourceSize": {"w":30,"h":30}
},
{
	"filename": "pet-dog.png",
	"frame": {"x":0,"y":120,"w":30,"h":30},
	"rotated": false,
	"trimmed": false,
	"spriteSourceSize": {"x":0,"y":0,"w":30,"h":30},
	"sourceSize": {"w":30,"h":30}
},
{
	"filename": "phone.png",
	"frame": {"x":30,"y":120,"w":30,"h":30},
	"rotated": false,
	"trimmed": false,
	"spriteSourceSize": {"x":0,"y":0,"w":30,"h":30},
	"sourceSize": {"w":30,"h":30}
},
{
	"filename": "poker.png",
	"frame": {"x":60,"y":120,"w":30,"h":30},
	"rotated": false,
	"trimmed": false,
	"spriteSourceSize": {"x":0,"y":0,"w":30,"h":30},
	"sourceSize": {"w":30,"h":30}
},
{
	"filename": "shirt.png",
	"frame": {"x":90,"y":120,"w":30,"h":30},
	"rotated": false,
	"trimmed": false,
	"spriteSourceSize": {"x":0,"y":0,"w":30,"h":30},
	"sourceSize": {"w":30,"h":30}
},
{
	"filename": "snow-flake.png",
	"frame": {"x":120,"y":120,"w":29,"h":30},
	"rotated": false,
	"trimmed": false,
	"spriteSourceSize": {"x":0,"y":0,"w":29,"h":30},
	"sourceSize": {"w":29,"h":30}
},
{
	"filename": "sock.png",
	"frame": {"x":149,"y":120,"w":30,"h":30},
	"rotated": false,
	"trimmed": false,
	"spriteSourceSize": {"x":0,"y":0,"w":30,"h":30},
	"sourceSize": {"w":30,"h":30}
},
{
	"filename": "sofa.png",
	"frame": {"x":179,"y":120,"w":30,"h":30},
	"rotated": false,
	"trimmed": false,
	"spriteSourceSize": {"x":0,"y":0,"w":30,"h":30},
	"sourceSize": {"w":30,"h":30}
},
{
	"filename": "stopwatch.png",
	"frame": {"x":0,"y":150,"w":29,"h":30},
	"rotated": false,
	"trimmed": false,
	"spriteSourceSize": {"x":0,"y":0,"w":29,"h":30},
	"sourceSize": {"w":29,"h":30}
},
{
	"filename": "sword.png",
	"frame": {"x":29,"y":150,"w":29,"h":30},
	"rotated": false,
	"trimmed": false,
	"spriteSourceSize": {"x":0,"y":0,"w":29,"h":30},
	"sourceSize": {"w":29,"h":30}
},
{
	"filename": "table-lamp.png",
	"frame": {"x":58,"y":150,"w":30,"h":30},
	"rotated": false,
	"trimmed": false,
	"spriteSourceSize": {"x":0,"y":0,"w":30,"h":30},
	"sourceSize": {"w":30,"h":30}
},
{
	"filename": "tea.png",
	"frame": {"x":88,"y":150,"w":30,"h":30},
	"rotated": false,
	"trimmed": false,
	"spriteSourceSize": {"x":0,"y":0,"w":30,"h":30},
	"sourceSize": {"w":30,"h":30}
},
{
	"filename": "tic-tac-toe.png",
	"frame": {"x":118,"y":150,"w":30,"h":30},
	"rotated": false,
	"trimmed": false,
	"spriteSourceSize": {"x":0,"y":0,"w":30,"h":30},
	"sourceSize": {"w":30,"h":30}
},
{
	"filename": "tree.png",
	"frame": {"x":148,"y":150,"w":30,"h":30},
	"rotated": false,
	"trimmed": false,
	"spriteSourceSize": {"x":0,"y":0,"w":30,"h":30},
	"sourceSize": {"w":30,"h":30}
},
{
	"filename": "woman.png",
	"frame": {"x":178,"y":150,"w":30,"h":30},
	"rotated": false,
	"trimmed": false,
	"spriteSourceSize": {"x":0,"y":0,"w":30,"h":30},
	"sourceSize": {"w":30,"h":30}
}],
"meta": {
	"app": "http://www.texturepacker.com",
	"version": "1.0",
	"image": "objects.png",
	"format": "RGBA8888",
	"size": {"w":210,"h":180},
	"scale": "1",
	"smartupdate": "$TexturePacker:SmartUpdate:d98a3f932881ce020d07ccae7176c9d9$"
}
}
