{"rooms":
	[
		{
			"file": "img/11.png",
			"low": 485,
			"high": 390,
			"left": 125,
			"right": 295
		},
		{
			"file": "img/12.png",
			"low": 485,
			"high": 390,
			"left": 325,
			"right": 500
		},
		{
			"file": "img/13.png",
			"low": 485,
			"high": 390,
			"left": 525,
			"right": 695
		},
		{
			"file": "img/21.png",
			"low": 365,
			"high": 270,
			"left": 395,
			"right": 695
		},
		{
			"file": "img/22.png",
			"low": 365,
			"high": 270,
			"left": 125,
			"right": 365
		},
		{
			"file": "img/31.png",
			"low": 245,
			"high": 160,
			"left": 295,
			"right": 520
		}
	]
}