{"rooms": [

{
	"filename": "11.png",
	"frame": {"x":0,"y":0,"w":800,"h":600},
	"rotated": false,
	"trimmed": false,
	"spriteSourceSize": {"x":0,"y":0,"w":800,"h":600},
	"sourceSize": {"w":800,"h":600},
	"low": 485,
	"high": 390,
	"left": 125,
	"right": 295
},
{
	"filename": "12.png",
	"frame": {"x":800,"y":0,"w":800,"h":600},
	"rotated": false,
	"trimmed": false,
	"spriteSourceSize": {"x":0,"y":0,"w":800,"h":600},
	"sourceSize": {"w":800,"h":600},
	"low": 485,
	"high": 390,
	"left": 325,
	"right": 500
},
{
	"filename": "13.png",
	"frame": {"x":0,"y":600,"w":800,"h":600},
	"rotated": false,
	"trimmed": false,
	"spriteSourceSize": {"x":0,"y":0,"w":800,"h":600},
	"sourceSize": {"w":800,"h":600},
	"low": 485,
	"high": 390,
	"left": 525,
	"right": 695
},
{
	"filename": "21.png",
	"frame": {"x":800,"y":600,"w":800,"h":600},
	"rotated": false,
	"trimmed": false,
	"spriteSourceSize": {"x":0,"y":0,"w":800,"h":600},
	"sourceSize": {"w":800,"h":600},
	"low": 365,
	"high": 270,
	"left": 395,
	"right": 695
},
{
	"filename": "22.png",
	"frame": {"x":0,"y":1200,"w":800,"h":600},
	"rotated": false,
	"trimmed": false,
	"spriteSourceSize": {"x":0,"y":0,"w":800,"h":600},
	"sourceSize": {"w":800,"h":600},
	"low": 365,
	"high": 270,
	"left": 125,
	"right": 365
},
{
	"filename": "31.png",
	"frame": {"x":800,"y":1200,"w":800,"h":600},
	"rotated": false,
	"trimmed": false,
	"spriteSourceSize": {"x":0,"y":0,"w":800,"h":600},
	"sourceSize": {"w":800,"h":600},
	"low": 245,
	"high": 160,
	"left": 295,
	"right": 520
}],
"meta": {
	"app": "http://www.texturepacker.com",
	"version": "1.0",
	"image": "rooms.png",
	"format": "RGBA8888",
	"size": {"w":1600,"h":1800},
	"scale": "1",
	"smartupdate": "$TexturePacker:SmartUpdate:48bf401bcdc9a92044dcedd3d3172b4b$"
}
}
